"id","wantedAuthNo","title","companyName","region","workType","payText","qualificationText","description","status","deadlineDate","postedDate","source","sourceProvider","sourceUrl","infoTypeCd","infoTypeGroup","createdAt","updatedAt"
"work24-20260713030741","20260713030741","2026년 창원문화재단 비상근 임원(이사·감사) 공개모집 공고","창원문화재단","","","회사내규에 따름","","2026년 창원문화재단 비상근 임원(이사·감사) 공개모집 공고 / 회사내규에 따름","active","2026-07-22","2026-07-15","work24","클린아이","https://www.work24.go.kr/wk/a/b/1500/empDetailAuthView.do?wantedAuthNo=20260713030741&infoTypeCd=CLE&infoTypeGroup=tb_workinfocle","CLE","tb_workinfocle","2026-07-15T00:00:00+09:00","2026-07-15T00:00:00+09:00"
"work24-20260706010709","20260706010709","(재)김해문화관광재단 김해가야테마파크 주말 초단시간 노동자(의무실)...","김해문화관광재단","","","회사내규에 따름","","(재)김해문화관광재단 김해가야테마파크 주말 초단시간 노동자(의무실)... / 회사내규에 따름","active","2026-07-22","2026-07-15","work24","클린아이","https://www.work24.go.kr/wk/a/b/1500/empDetailAuthView.do?wantedAuthNo=20260706010709&infoTypeCd=CLE&infoTypeGroup=tb_workinfocle","CLE","tb_workinfocle","2026-07-15T00:00:00+09:00","2026-07-15T00:00:00+09:00"
"work24-20260709020753","20260709020753","기간제근로자 수시 채용 공고","전주시시설관리공단","","","회사내규에 따름","","기간제근로자 수시 채용 공고 / 회사내규에 따름","active","2026-07-20","2026-07-15","work24","클린아이","https://www.work24.go.kr/wk/a/b/1500/empDetailAuthView.do?wantedAuthNo=20260709020753&infoTypeCd=CLE&infoTypeGroup=tb_workinfocle","CLE","tb_workinfocle","2026-07-15T00:00:00+09:00","2026-07-15T00:00:00+09:00"
"work24-20260706100748","20260706100748","2026년 제2회 계룡시문화관광재단 기간제근로자(병영체험관 운영기획...","재단법인 계룡시문화관광재단","","","회사내규에 따름","","2026년 제2회 계룡시문화관광재단 기간제근로자(병영체험관 운영기획... / 회사내규에 따름","active","2026-07-22","2026-07-15","work24","클린아이","https://www.work24.go.kr/wk/a/b/1500/empDetailAuthView.do?wantedAuthNo=20260706100748&infoTypeCd=CLE&infoTypeGroup=tb_workinfocle","CLE","tb_workinfocle","2026-07-15T00:00:00+09:00","2026-07-15T00:00:00+09:00"
"work24-54383525","54383525","(주)하이비스타 프렌차이즈 영업 상반기 채용공고","주식회사 하이비스타","서울 송파구","주5일","연봉 3,000 만원 ~ 3,000 만원","경력무관 대졸(2~3년)","(주)하이비스타 프렌차이즈 영업 상반기 채용공고 / 경력무관 대졸(2~3년) / 연봉 3,000 만원 ~ 3,000 만원 / 서울 송파구","active","2026-09-04","2026-07-15","work24","사람인","https://www.work24.go.kr/wk/a/b/1500/empDetailAuthView.do?wantedAuthNo=54383525&infoTypeCd=CSI&infoTypeGroup=tb_workinfogubun","CSI","tb_workinfogubun","2026-07-15T00:00:00+09:00","2026-07-15T00:00:00+09:00"
"work24-54416530","54416530","B2B영업 및 신규 고객 발굴 경력사원 채용(일본어 능통자)","스크럼코리아주식회사","서울 금천구","주5일","회사내규에 따름","경력2년 대졸(2~3년)","B2B영업 및 신규 고객 발굴 경력사원 채용(일본어 능통자) / 경력2년 대졸(2~3년) / 회사내규에 따름 / 서울 금천구","active","2026-08-08","2026-07-15","work24","사람인","https://www.work24.go.kr/wk/a/b/1500/empDetailAuthView.do?wantedAuthNo=54416530&infoTypeCd=CSI&infoTypeGroup=tb_workinfogubun","CSI","tb_workinfogubun","2026-07-15T00:00:00+09:00","2026-07-15T00:00:00+09:00"
"work24-54430314","54430314","대관령신협 신규/경력 직원 채용","대관령신용협동조합","강원 평창군","","연봉 3,700 만원 ~ 3,700 만원","경력무관 학력무관","대관령신협 신규/경력 직원 채용 / 경력무관 학력무관 / 연봉 3,700 만원 ~ 3,700 만원 / 강원 평창군","active","2026-08-05","2026-07-15","work24","사람인","https://www.work24.go.kr/wk/a/b/1500/empDetailAuthView.do?wantedAuthNo=54430314&infoTypeCd=CSI&infoTypeGroup=tb_workinfogubun","CSI","tb_workinfogubun","2026-07-15T00:00:00+09:00","2026-07-15T00:00:00+09:00"
"work24-54457835","54457835","(주)이엔비에어 회전익 조종사 채용","(주)이엔비에어","충북 단양군","","회사내규에 따름","경력5년 학력무관","(주)이엔비에어 회전익 조종사 채용 / 경력5년 학력무관 / 회사내규에 따름 / 충북 단양군","active","2026-08-31","2026-07-15","work24","사람인","https://www.work24.go.kr/wk/a/b/1500/empDetailAuthView.do?wantedAuthNo=54457835&infoTypeCd=CSI&infoTypeGroup=tb_workinfogubun","CSI","tb_workinfogubun","2026-07-15T00:00:00+09:00","2026-07-15T00:00:00+09:00"
"work24-298072","298072","2026년도 제3회 우정사업본부 우정9급(집배) 공무원 경력경쟁채용...","과학기술정보통신부 우정사업본부","","","회사내규에 따름","","2026년도 제3회 우정사업본부 우정9급(집배) 공무원 경력경쟁채용... / 회사내규에 따름","active","2026-07-27","2026-07-15","work24","나라일터","https://www.work24.go.kr/wk/a/b/1500/empDetailAuthView.do?wantedAuthNo=298072&infoTypeCd=GOJ&infoTypeGroup=tb_workinfonara","GOJ","tb_workinfonara","2026-07-15T00:00:00+09:00","2026-07-15T00:00:00+09:00"
"work24-298063","298063","2026학년도 강화여자중학교 보건 기간제 교원 채용","인천광역시교육청 인천광역시강화교육지원청 강화여자중학교","","","회사내규에 따름","","2026학년도 강화여자중학교 보건 기간제 교원 채용 / 회사내규에 따름","active","2026-07-19","2026-07-15","work24","나라일터","https://www.work24.go.kr/wk/a/b/1500/empDetailAuthView.do?wantedAuthNo=298063&infoTypeCd=GOJ&infoTypeGroup=tb_workinfonara","GOJ","tb_workinfonara","2026-07-15T00:00:00+09:00","2026-07-15T00:00:00+09:00"
"work24-54462934","54462934","[국도화학] 서부사업소 설비관리(전기/계장) 경력사원 채용","국도화학㈜","전북 익산시","","회사내규에 따름","경력3년 대졸(2~3년)","[국도화학] 서부사업소 설비관리(전기/계장) 경력사원 채용 / 경력3년 대졸(2~3년) / 회사내규에 따름 / 전북 익산시","active","2026-07-27","2026-07-15","work24","사람인","https://www.work24.go.kr/wk/a/b/1500/empDetailAuthView.do?wantedAuthNo=54462934&infoTypeCd=CSI&infoTypeGroup=tb_workinfogubun","CSI","tb_workinfogubun","2026-07-15T00:00:00+09:00","2026-07-15T00:00:00+09:00"
"work24-54462959","54462959","[온브릭스] 신선식품/신선과일 소싱MD 모집","온브릭스(주)농업회사법인","서울 강남구 등","주5일","회사내규에 따름","경력5년 학력무관","[온브릭스] 신선식품/신선과일 소싱MD 모집 / 경력5년 학력무관 / 회사내규에 따름 / 서울 강남구 등","active","2026-08-14","2026-07-15","work24","사람인","https://www.work24.go.kr/wk/a/b/1500/empDetailAuthView.do?wantedAuthNo=54462959&infoTypeCd=CSI&infoTypeGroup=tb_workinfogubun","CSI","tb_workinfogubun","2026-07-15T00:00:00+09:00","2026-07-15T00:00:00+09:00"
"work24-54463841","54463841","임요양병원 간호조무사 (3교대) 채용","임요양병원","울산 남구","","회사내규에 따름","경력무관 고졸","임요양병원 간호조무사 (3교대) 채용 / 경력무관 고졸 / 회사내규에 따름 / 울산 남구","active","2026-07-30","2026-07-15","work24","사람인","https://www.work24.go.kr/wk/a/b/1500/empDetailAuthView.do?wantedAuthNo=54463841&infoTypeCd=CSI&infoTypeGroup=tb_workinfogubun","CSI","tb_workinfogubun","2026-07-15T00:00:00+09:00","2026-07-15T00:00:00+09:00"
"work24-54464410","54464410","대전근로자건강센터 근골격계전문가 모집","(사)한국직업건강간호협회","대전 유성구","","월급 255 만원 ~ 255 만원","경력무관 대졸(2~3년)","대전근로자건강센터 근골격계전문가 모집 / 경력무관 대졸(2~3년) / 월급 255 만원 ~ 255 만원 / 대전 유성구","active","2026-07-21","2026-07-15","work24","사람인","https://www.work24.go.kr/wk/a/b/1500/empDetailAuthView.do?wantedAuthNo=54464410&infoTypeCd=CSI&infoTypeGroup=tb_workinfogubun","CSI","tb_workinfogubun","2026-07-15T00:00:00+09:00","2026-07-15T00:00:00+09:00"
"work24-54465024","54465024","[ 태양광/전기/신재생에너지 ] 공무, 사무행정 신입/경력자 모집","(주)세진엔지니어링","전남광주 광산구 등","주5일","회사내규에 따름","경력무관 학력무관","[ 태양광/전기/신재생에너지 ] 공무, 사무행정 신입/경력자 모집 / 경력무관 학력무관 / 회사내규에 따름 / 전남광주 광산구 등","active","2026-07-31","2026-07-15","work24","사람인","https://www.work24.go.kr/wk/a/b/1500/empDetailAuthView.do?wantedAuthNo=54465024&infoTypeCd=CSI&infoTypeGroup=tb_workinfogubun","CSI","tb_workinfogubun","2026-07-15T00:00:00+09:00","2026-07-15T00:00:00+09:00"
"work24-54465245","54465245","동부청과 영업부(경매 보조) 직원 채용","동부청과(주)","부산 해운대구","주5일","연봉 3,200 만원 ~ 3,200 만원","경력무관 고졸","동부청과 영업부(경매 보조) 직원 채용 / 경력무관 고졸 / 연봉 3,200 만원 ~ 3,200 만원 / 부산 해운대구","active","","2026-07-15","work24","사람인","https://www.work24.go.kr/wk/a/b/1500/empDetailAuthView.do?wantedAuthNo=54465245&infoTypeCd=CSI&infoTypeGroup=tb_workinfogubun","CSI","tb_workinfogubun","2026-07-15T00:00:00+09:00","2026-07-15T00:00:00+09:00"
"work24-KF11172607140006","KF11172607140006","[재]순창발효관광재단 직원[기간제] 수시 채용 재공고","재단법인 순창발효관광재단","전라북도 순창군 순창읍","주5일 주 40시간 근로 09:00 ~ 18:00","월급 250 만원 이상","경력무관 학력무관","[재]순창발효관광재단 직원[기간제] 수시 채용 재공고 / 경력무관 학력무관 / 월급 250 만원 이상 / 전라북도 순창군 순창읍","active","2026-07-20","2026-07-14","work24","고용24","https://www.work24.go.kr/wk/a/b/1500/empDetailAuthView.do?wantedAuthNo=KF11172607140006&infoTypeCd=VALIDATION&infoTypeGroup=tb_workinfoworknet","VALIDATION","tb_workinfoworknet","2026-07-15T00:00:00+09:00","2026-07-15T00:00:00+09:00"
"work24-K171112607140061","K171112607140061","밝고 따뜻한 마음으로 아이들의 성장을 돕는 담임보육교사를 찾습니다!","사랑채어린이집","충청북도 청주시 서원구","주5일 주 40시간 근로 08:30 ~ 17:30","월급 215 만원 ~ 215 만원","경력1년 고졸 ~ 대졸(4년)","밝고 따뜻한 마음으로 아이들의 성장을 돕는 담임보육교사를 찾습니다! / 경력1년 고졸 ~ 대졸(4년) / 월급 215 만원 ~ 215 만원 / 충청북도 청주시 서원구","active","2026-07-31","2026-07-14","work24","고용24","https://www.work24.go.kr/wk/a/b/1500/empDetailAuthView.do?wantedAuthNo=K171112607140061&infoTypeCd=VALIDATION&infoTypeGroup=tb_workinfoworknet","VALIDATION","tb_workinfoworknet","2026-07-15T00:00:00+09:00","2026-07-15T00:00:00+09:00"
"work24-K120232607140023","K120232607140023","회계세무 경력자 채용(육아휴직 대체/1년 계약직)","농업회사법인아시아종묘(주)","서울특별시 송파구 양재대로","주5일 주 40시간 근로 09:00 ~ 18:00","연봉 4,000 만원 ~ 5,000 만원","경력8년 학력무관","회계세무 경력자 채용(육아휴직 대체/1년 계약직) / 경력8년 학력무관 / 연봉 4,000 만원 ~ 5,000 만원 / 서울특별시 송파구 양재대로","active","2026-09-13","2026-07-14","work24","고용24","https://www.work24.go.kr/wk/a/b/1500/empDetailAuthView.do?wantedAuthNo=K120232607140023&infoTypeCd=VALIDATION&infoTypeGroup=tb_workinfoworknet","VALIDATION","tb_workinfoworknet","2026-07-15T00:00:00+09:00","2026-07-15T00:00:00+09:00"
"work24-K120232607140022","K120232607140022","[가락시장] 가락몰 나물집 배달직원 모집합니다","유한회사 푸움에마늘","서울특별시 송파구 양재대로","주6일 주 48시간 근로","월급 420 만원 ~ 420 만원","경력1년 학력무관","[가락시장] 가락몰 나물집 배달직원 모집합니다 / 경력1년 학력무관 / 월급 420 만원 ~ 420 만원 / 서울특별시 송파구 양재대로","active","2026-09-13","2026-07-14","work24","고용24","https://www.work24.go.kr/wk/a/b/1500/empDetailAuthView.do?wantedAuthNo=K120232607140022&infoTypeCd=VALIDATION&infoTypeGroup=tb_workinfoworknet","VALIDATION","tb_workinfoworknet","2026-07-15T00:00:00+09:00","2026-07-15T00:00:00+09:00"
"work24-K120232607140021","K120232607140021","가락시장 오전 6시~9시 소분업무 파트타임 인력 채용","주식회사팜트럭","서울특별시 송파구 양재대로","주6일 주 14시간 근로 18:00 ~ 21:00","시급 15,000 원 ~ 20,000 원","경력무관 학력무관","가락시장 오전 6시~9시 소분업무 파트타임 인력 채용 / 경력무관 학력무관 / 시급 15,000 원 ~ 20,000 원 / 서울특별시 송파구 양재대로","active","2026-09-11","2026-07-14","work24","고용24","https://www.work24.go.kr/wk/a/b/1500/empDetailAuthView.do?wantedAuthNo=K120232607140021&infoTypeCd=VALIDATION&infoTypeGroup=tb_workinfoworknet","VALIDATION","tb_workinfoworknet","2026-07-15T00:00:00+09:00","2026-07-15T00:00:00+09:00"
"work24-KF10252607140002","KF10252607140002","조립 및 검사,포장원 모집/시흥여성새일본부 채용대행","주식회사큐네츠","경기도 시흥시 엠티브이25로20번길","주5일 09:00 ~ 18:00","시급 10,815 원 ~ 10,815 원","경력2년 학력무관","조립 및 검사,포장원 모집/시흥여성새일본부 채용대행 / 경력2년 학력무관 / 시급 10,815 원 ~ 10,815 원 / 경기도 시흥시 엠티브이25로20번길","active","2026-09-13","2026-07-14","work24","고용24","https://www.work24.go.kr/wk/a/b/1500/empDetailAuthView.do?wantedAuthNo=KF10252607140002&infoTypeCd=VALIDATION&infoTypeGroup=tb_workinfoworknet","VALIDATION","tb_workinfoworknet","2026-07-15T00:00:00+09:00","2026-07-15T00:00:00+09:00"
"work24-KF10122607140009","KF10122607140009","재가요양보호사 (성남초등학교인근)","실버웰노인복지센터","대구광역시 달서구 성당로47길","주3일 주 9시간 근로 09:00 ~ 12:00","시급 10,320 원 이상","경력무관 학력무관","재가요양보호사 (성남초등학교인근) / 경력무관 학력무관 / 시급 10,320 원 이상 / 대구광역시 달서구 성당로47길","active","2026-07-28","2026-07-14","work24","고용24","https://www.work24.go.kr/wk/a/b/1500/empDetailAuthView.do?wantedAuthNo=KF10122607140009&infoTypeCd=VALIDATION&infoTypeGroup=tb_workinfoworknet","VALIDATION","tb_workinfoworknet","2026-07-15T00:00:00+09:00","2026-07-15T00:00:00+09:00"
"work24-KF10122607140008","KF10122607140008","재가요양보호사 (동천동)","실버웰노인복지센터","대구광역시 북구 대천로","주3일 주 9시간 근로 15:00 ~ 18:00","시급 10,320 원 이상","경력무관 학력무관","재가요양보호사 (동천동) / 경력무관 학력무관 / 시급 10,320 원 이상 / 대구광역시 북구 대천로","active","2026-07-28","2026-07-14","work24","고용24","https://www.work24.go.kr/wk/a/b/1500/empDetailAuthView.do?wantedAuthNo=KF10122607140008&infoTypeCd=VALIDATION&infoTypeGroup=tb_workinfoworknet","VALIDATION","tb_workinfoworknet","2026-07-15T00:00:00+09:00","2026-07-15T00:00:00+09:00"
"work24-KJGF002607140006","KJGF002607140006","★남구 장생포 선박물품 재고관리원 채용[중구일자리지원센터 채용대행]...","（주）대주마린","울산광역시 남구 장생포고래로125번길","주5일 주 40시간 근로","월급 235 만원 이상","경력무관 학력무관","★남구 장생포 선박물품 재고관리원 채용[중구일자리지원센터 채용대행]... / 경력무관 학력무관 / 월급 235 만원 이상 / 울산광역시 남구 장생포고래로125번길","active","2026-09-13","2026-07-14","work24","고용24","https://www.work24.go.kr/wk/a/b/1500/empDetailAuthView.do?wantedAuthNo=KJGF002607140006&infoTypeCd=VALIDATION&infoTypeGroup=tb_workinfoworknet","VALIDATION","tb_workinfoworknet","2026-07-15T00:00:00+09:00","2026-07-15T00:00:00+09:00"
"work24-KF10252607140001","KF10252607140001","자동차부품 검사포장 업무 /채용대행/인턴지원금 희망업체/시흥여성새일...","(주)서울정밀","경기도 시흥시 옥구천서로237번길","주5일 주 40시간 근로","월급 233 만원 ~ 233 만원","경력무관 학력무관","자동차부품 검사포장 업무 /채용대행/인턴지원금 희망업체/시흥여성새일... / 경력무관 학력무관 / 월급 233 만원 ~ 233 만원 / 경기도 시흥시 옥구천서로237번길","active","2026-09-13","2026-07-14","work24","고용24","https://www.work24.go.kr/wk/a/b/1500/empDetailAuthView.do?wantedAuthNo=KF10252607140001&infoTypeCd=VALIDATION&infoTypeGroup=tb_workinfoworknet","VALIDATION","tb_workinfoworknet","2026-07-15T00:00:00+09:00","2026-07-15T00:00:00+09:00"
"work24-KF11152607140002","KF11152607140002","교육지원팀 간사 모집","여수여성인력개발센터","전남광주통합특별시 여수시 시청로","주5일 주 40시간 근로 09:00 ~ 18:00","월급 228 만원 이상","경력무관 학력무관","교육지원팀 간사 모집 / 경력무관 학력무관 / 월급 228 만원 이상 / 전남광주통합특별시 여수시 시청로","active","2026-07-27","2026-07-14","work24","고용24","https://www.work24.go.kr/wk/a/b/1500/empDetailAuthView.do?wantedAuthNo=KF11152607140002&infoTypeCd=VALIDATION&infoTypeGroup=tb_workinfoworknet","VALIDATION","tb_workinfoworknet","2026-07-15T00:00:00+09:00","2026-07-15T00:00:00+09:00"
"work24-KJGF002607140005","KJGF002607140005","★북구 중산동 소재 아파트 미화원 채용 ...","(주)신한종합관리","울산광역시 북구 중산서로","주6일 주 33시간 근로","시급 10,320 원 이상","경력무관 학력무관","★북구 중산동 소재 아파트 미화원 채용 ... / 경력무관 학력무관 / 시급 10,320 원 이상 / 울산광역시 북구 중산서로","active","2026-09-13","2026-07-14","work24","고용24","https://www.work24.go.kr/wk/a/b/1500/empDetailAuthView.do?wantedAuthNo=KJGF002607140005&infoTypeCd=VALIDATION&infoTypeGroup=tb_workinfoworknet","VALIDATION","tb_workinfoworknet","2026-07-15T00:00:00+09:00","2026-07-15T00:00:00+09:00"
"work24-KJGF002607140004","KJGF002607140004","★중구 성안동 주간보호센터 (시간제) 운전원 채용[중구일자리지원센터...","울산한우리노인복지시설","울산광역시 중구 성안14길","주5일 주 10시간 근로","시급 10,600 원 이상","경력무관 학력무관","★중구 성안동 주간보호센터 (시간제) 운전원 채용[중구일자리지원센터... / 경력무관 학력무관 / 시급 10,600 원 이상 / 울산광역시 중구 성안14길","active","2026-09-13","2026-07-14","work24","고용24","https://www.work24.go.kr/wk/a/b/1500/empDetailAuthView.do?wantedAuthNo=KJGF002607140004&infoTypeCd=VALIDATION&infoTypeGroup=tb_workinfoworknet","VALIDATION","tb_workinfoworknet","2026-07-15T00:00:00+09:00","2026-07-15T00:00:00+09:00"
"work24-KJGF002607140003","KJGF002607140003","◆남구 달동 방문요양보호사 채용 [중구일자리지원센터 채용대행]◆","울산한우리노인복지시설","울산광역시 남구 번영로107번길","주6일 09:00 ~ 12:00","시급 13,000 원 이상","경력무관 학력무관","◆남구 달동 방문요양보호사 채용 [중구일자리지원센터 채용대행]◆ / 경력무관 학력무관 / 시급 13,000 원 이상 / 울산광역시 남구 번영로107번길","active","2026-09-13","2026-07-14","work24","고용24","https://www.work24.go.kr/wk/a/b/1500/empDetailAuthView.do?wantedAuthNo=KJGF002607140003&infoTypeCd=VALIDATION&infoTypeGroup=tb_workinfoworknet","VALIDATION","tb_workinfoworknet","2026-07-15T00:00:00+09:00","2026-07-15T00:00:00+09:00"
"work24-KJGF002607140002","KJGF002607140002","★중구 성안동 노인복지시설 요양보호사 채용[중구일자리지원센터 채용대...","울산한우리노인복지시설","울산광역시 중구 성안14길","주5일","시급 10,320 원 이상","경력무관 학력무관","★중구 성안동 노인복지시설 요양보호사 채용[중구일자리지원센터 채용대... / 경력무관 학력무관 / 시급 10,320 원 이상 / 울산광역시 중구 성안14길","active","2026-09-13","2026-07-14","work24","고용24","https://www.work24.go.kr/wk/a/b/1500/empDetailAuthView.do?wantedAuthNo=KJGF002607140002&infoTypeCd=VALIDATION&infoTypeGroup=tb_workinfoworknet","VALIDATION","tb_workinfoworknet","2026-07-15T00:00:00+09:00","2026-07-15T00:00:00+09:00"
"work24-KF10482607140003","KF10482607140003","카페 운영 직원 모집","주식회사경주세계자동차박물관","경상북도 경주시 보문로","주5일 주 40시간 근로 09:30 ~ 18:30","월급 220 만원 이상","경력무관 학력무관","카페 운영 직원 모집 / 경력무관 학력무관 / 월급 220 만원 이상 / 경상북도 경주시 보문로","active","2026-09-13","2026-07-14","work24","고용24","https://www.work24.go.kr/wk/a/b/1500/empDetailAuthView.do?wantedAuthNo=KF10482607140003&infoTypeCd=VALIDATION&infoTypeGroup=tb_workinfoworknet","VALIDATION","tb_workinfoworknet","2026-07-15T00:00:00+09:00","2026-07-15T00:00:00+09:00"
"work24-KF11032607140005","KF11032607140005","주야간 보호센터 요양보호사 구인","스마일복지센터","서울특별시 은평구 통일로","주5일 주 40시간 근로 10:00 ~ 19:00","월급 220 만원 ~ 220 만원","경력무관 학력무관","주야간 보호센터 요양보호사 구인 / 경력무관 학력무관 / 월급 220 만원 ~ 220 만원 / 서울특별시 은평구 통일로","active","2026-09-13","2026-07-14","work24","고용24","https://www.work24.go.kr/wk/a/b/1500/empDetailAuthView.do?wantedAuthNo=KF11032607140005&infoTypeCd=VALIDATION&infoTypeGroup=tb_workinfoworknet","VALIDATION","tb_workinfoworknet","2026-07-15T00:00:00+09:00","2026-07-15T00:00:00+09:00"
"work24-K150012607140107","K150012607140107","생산직사원모집","주식회사 상명에스피","인천광역시 남동구 앵고개로654번길","주5일 08:00 ~ 17:00","시급 10,320 원 이상","경력무관 학력무관","생산직사원모집 / 경력무관 학력무관 / 시급 10,320 원 이상 / 인천광역시 남동구 앵고개로654번길","active","2026-09-13","2026-07-14","work24","고용24","https://www.work24.go.kr/wk/a/b/1500/empDetailAuthView.do?wantedAuthNo=K150012607140107&infoTypeCd=VALIDATION&infoTypeGroup=tb_workinfoworknet","VALIDATION","tb_workinfoworknet","2026-07-15T00:00:00+09:00","2026-07-15T00:00:00+09:00"
"work24-Dd04872607140209","Dd04872607140209","주식회사 동일건설 위생기구 유지보수직 장애인근로자 채용","주식회사 동일건설","전남광주통합특별시 목포시 대박길","주5일 주 40시간 근로","월급 240 만원 ~ 240 만원","경력무관 학력무관","주식회사 동일건설 위생기구 유지보수직 장애인근로자 채용 / 경력무관 학력무관 / 월급 240 만원 ~ 240 만원 / 전남광주통합특별시 목포시 대박길","active","2026-07-24","2026-07-14","work24","고용24","https://www.work24.go.kr/wk/a/b/1500/empDetailAuthView.do?wantedAuthNo=Dd04872607140209&infoTypeCd=VALIDATION&infoTypeGroup=tb_workinfoworknet","VALIDATION","tb_workinfoworknet","2026-07-15T00:00:00+09:00","2026-07-15T00:00:00+09:00"
"work24-KF10712607140001","KF10712607140001","4등급 남자 어르신 재가요양보호사 모집","키위방문요양센터","경기도 고양시 일산동구","주5일 15:00 ~ 18:00","시급 10,320 원 이상","경력무관 학력무관","4등급 남자 어르신 재가요양보호사 모집 / 경력무관 학력무관 / 시급 10,320 원 이상 / 경기도 고양시 일산동구","active","2026-07-28","2026-07-14","work24","고용24","https://www.work24.go.kr/wk/a/b/1500/empDetailAuthView.do?wantedAuthNo=KF10712607140001&infoTypeCd=VALIDATION&infoTypeGroup=tb_workinfoworknet","VALIDATION","tb_workinfoworknet","2026-07-15T00:00:00+09:00","2026-07-15T00:00:00+09:00"
"work24-KF10832607140014","KF10832607140014","램브란트치과 간호조무사 모집 [포항새일센터 채용대행]","램브란트치과의원","경상북도 포항시 남구","주5일 주 40시간 근로 09:00 ~ 18:00","월급 220 만원 ~ 230 만원","신입 학력무관","램브란트치과 간호조무사 모집 [포항새일센터 채용대행] / 신입 학력무관 / 월급 220 만원 ~ 230 만원 / 경상북도 포항시 남구","active","2026-07-28","2026-07-14","work24","고용24","https://www.work24.go.kr/wk/a/b/1500/empDetailAuthView.do?wantedAuthNo=KF10832607140014&infoTypeCd=VALIDATION&infoTypeGroup=tb_workinfoworknet","VALIDATION","tb_workinfoworknet","2026-07-15T00:00:00+09:00","2026-07-15T00:00:00+09:00"
"work24-K150012607140106","K150012607140106","종이박스 제조공장 단순생산직 모집","대현포장산업 주식회사","인천광역시 남동구 남동대로","주5일 08:00 ~ 17:00","시급 10,320 원 ~ 10,320 원","경력무관 학력무관","종이박스 제조공장 단순생산직 모집 / 경력무관 학력무관 / 시급 10,320 원 ~ 10,320 원 / 인천광역시 남동구 남동대로","active","2026-07-29","2026-07-14","work24","고용24","https://www.work24.go.kr/wk/a/b/1500/empDetailAuthView.do?wantedAuthNo=K150012607140106&infoTypeCd=VALIDATION&infoTypeGroup=tb_workinfoworknet","VALIDATION","tb_workinfoworknet","2026-07-15T00:00:00+09:00","2026-07-15T00:00:00+09:00"
"work24-K150012607140105","K150012607140105","인터넷 쇼핑몰 관리, 재고 관리 모집 합니다.","유이에스아이","인천광역시 남동구 호구포로","주5일 주 40시간 근로 09:00 ~ 18:00","월급 215 만원 이상","경력무관 학력무관","인터넷 쇼핑몰 관리, 재고 관리 모집 합니다. / 경력무관 학력무관 / 월급 215 만원 이상 / 인천광역시 남동구 호구포로","active","2026-07-29","2026-07-14","work24","고용24","https://www.work24.go.kr/wk/a/b/1500/empDetailAuthView.do?wantedAuthNo=K150012607140105&infoTypeCd=VALIDATION&infoTypeGroup=tb_workinfoworknet","VALIDATION","tb_workinfoworknet","2026-07-15T00:00:00+09:00","2026-07-15T00:00:00+09:00"
"work24-KJGD002607140004","KJGD002607140004","신정동 소재 재가요양보호사 모집 [북구청일자리센터 채용대행]","지원재가노인복지센터","울산광역시 남구 신정로204번길","주3일 주 9시간 근로 09:00 ~ 12:00","시급 10,320 원 이상","경력무관 학력무관","신정동 소재 재가요양보호사 모집 [북구청일자리센터 채용대행] / 경력무관 학력무관 / 시급 10,320 원 이상 / 울산광역시 남구 신정로204번길","active","2026-09-13","2026-07-14","work24","고용24","https://www.work24.go.kr/wk/a/b/1500/empDetailAuthView.do?wantedAuthNo=KJGD002607140004&infoTypeCd=VALIDATION&infoTypeGroup=tb_workinfoworknet","VALIDATION","tb_workinfoworknet","2026-07-15T00:00:00+09:00","2026-07-15T00:00:00+09:00"
"work24-K150012607140104","K150012607140104","MCT 기술자 모집","JR테크(제이알테크)","인천광역시 남동구 논현고잔로128번길","주5일 주 48시간 근로 07:00 ~ 18:00","연봉 4,000 만원 이상 상여별도 100%","경력5년 학력무관","MCT 기술자 모집 / 경력5년 학력무관 / 연봉 4,000 만원 이상 상여별도 100% / 인천광역시 남동구 논현고잔로128번길","active","2026-09-13","2026-07-14","work24","고용24","https://www.work24.go.kr/wk/a/b/1500/empDetailAuthView.do?wantedAuthNo=K150012607140104&infoTypeCd=VALIDATION&infoTypeGroup=tb_workinfoworknet","VALIDATION","tb_workinfoworknet","2026-07-15T00:00:00+09:00","2026-07-15T00:00:00+09:00"
"work24-K150012607140103","K150012607140103","연삭기능공","승화정밀","인천광역시 남동구 호구포로14번길","주5일 주 40시간 근로 08:30 ~ 17:30","월급 250 만원 이상 상여별도 200%","신입 학력무관","연삭기능공 / 신입 학력무관 / 월급 250 만원 이상 상여별도 200% / 인천광역시 남동구 호구포로14번길","active","2026-09-13","2026-07-14","work24","고용24","https://www.work24.go.kr/wk/a/b/1500/empDetailAuthView.do?wantedAuthNo=K150012607140103&infoTypeCd=VALIDATION&infoTypeGroup=tb_workinfoworknet","VALIDATION","tb_workinfoworknet","2026-07-15T00:00:00+09:00","2026-07-15T00:00:00+09:00"
"work24-K171252607140031","K171252607140031","생산직 사원 구함","무현산업","충청북도 음성군 맹동면","주5일","시급 10,320 원 이상","경력무관 학력무관","생산직 사원 구함 / 경력무관 학력무관 / 시급 10,320 원 이상 / 충청북도 음성군 맹동면","active","2026-09-13","2026-07-14","work24","고용24","https://www.work24.go.kr/wk/a/b/1500/empDetailAuthView.do?wantedAuthNo=K171252607140031&infoTypeCd=VALIDATION&infoTypeGroup=tb_workinfoworknet","VALIDATION","tb_workinfoworknet","2026-07-15T00:00:00+09:00","2026-07-15T00:00:00+09:00"
"work24-K152342607140003","K152342607140003","삼화사노인요양원 (조리원) 파트타임 채용","삼화사노인요양원","강원특별자치도 동해시 강원남부로","주5일","시급 10,320 원 이상","경력무관 학력무관","삼화사노인요양원 (조리원) 파트타임 채용 / 경력무관 학력무관 / 시급 10,320 원 이상 / 강원특별자치도 동해시 강원남부로","active","2026-07-31","2026-07-14","work24","고용24","https://www.work24.go.kr/wk/a/b/1500/empDetailAuthView.do?wantedAuthNo=K152342607140003&infoTypeCd=VALIDATION&infoTypeGroup=tb_workinfoworknet","VALIDATION","tb_workinfoworknet","2026-07-15T00:00:00+09:00","2026-07-15T00:00:00+09:00"
"work24-K150012607140102","K150012607140102","관리부서 직원채용 합니다.","금용야마도제형(주)","인천광역시 남동구 남동대로49번길","주5일 주 40시간 근로 08:00 ~ 17:00","연봉 3,500 만원 이상","경력5년 학력무관","관리부서 직원채용 합니다. / 경력5년 학력무관 / 연봉 3,500 만원 이상 / 인천광역시 남동구 남동대로49번길","active","2026-07-31","2026-07-14","work24","고용24","https://www.work24.go.kr/wk/a/b/1500/empDetailAuthView.do?wantedAuthNo=K150012607140102&infoTypeCd=VALIDATION&infoTypeGroup=tb_workinfoworknet","VALIDATION","tb_workinfoworknet","2026-07-15T00:00:00+09:00","2026-07-15T00:00:00+09:00"
"work24-KJGD002607140003","KJGD002607140003","태화동 소재 재가요양보호사 모집[북구청일자리센터 채용대행]","온정노인재가복지센터","울산광역시 중구 신기8길","주5일 주 15시간 근로 09:00 ~ 12:00","시급 10,320 원 이상","경력 학력무관","태화동 소재 재가요양보호사 모집[북구청일자리센터 채용대행] / 경력 학력무관 / 시급 10,320 원 이상 / 울산광역시 중구 신기8길","active","2026-09-13","2026-07-14","work24","고용24","https://www.work24.go.kr/wk/a/b/1500/empDetailAuthView.do?wantedAuthNo=KJGD002607140003&infoTypeCd=VALIDATION&infoTypeGroup=tb_workinfoworknet","VALIDATION","tb_workinfoworknet","2026-07-15T00:00:00+09:00","2026-07-15T00:00:00+09:00"
"work24-K150012607140101","K150012607140101","생산팀(용접,조립,제관) 경력 직원 채용 합니다.","금용야마도제형(주)","인천광역시 남동구 남동대로49번길","주5일 주 40시간 근로 08:00 ~ 17:00","연봉 4,000 만원 이상","경력5년 학력무관","생산팀(용접,조립,제관) 경력 직원 채용 합니다. / 경력5년 학력무관 / 연봉 4,000 만원 이상 / 인천광역시 남동구 남동대로49번길","active","2026-07-31","2026-07-14","work24","고용24","https://www.work24.go.kr/wk/a/b/1500/empDetailAuthView.do?wantedAuthNo=K150012607140101&infoTypeCd=VALIDATION&infoTypeGroup=tb_workinfoworknet","VALIDATION","tb_workinfoworknet","2026-07-15T00:00:00+09:00","2026-07-15T00:00:00+09:00"
"work24-K170052607140042","K170052607140042","오송신호 초급기술자 구인","코레일테크(주)","충청북도 청주시 흥덕구","주5일 09:00 ~ 18:00","일급 120,000 원 ~ 150,000 원","경력무관 학력무관","오송신호 초급기술자 구인 / 경력무관 학력무관 / 일급 120,000 원 ~ 150,000 원 / 충청북도 청주시 흥덕구","active","2026-09-13","2026-07-14","work24","고용24","https://www.work24.go.kr/wk/a/b/1500/empDetailAuthView.do?wantedAuthNo=K170052607140042&infoTypeCd=VALIDATION&infoTypeGroup=tb_workinfoworknet","VALIDATION","tb_workinfoworknet","2026-07-15T00:00:00+09:00","2026-07-15T00:00:00+09:00"
"work24-KEC0202607140008","KEC0202607140008","수입주류 대형마트 영업원 경력직 채용","（주）윤강상사","경기도 안산시 단원구","주5일 주 40시간 근로 09:00 ~ 18:00","연봉 3,000 만원 이상","경력3년 학력무관","수입주류 대형마트 영업원 경력직 채용 / 경력3년 학력무관 / 연봉 3,000 만원 이상 / 경기도 안산시 단원구","active","2026-09-13","2026-07-14","work24","고용24","https://www.work24.go.kr/wk/a/b/1500/empDetailAuthView.do?wantedAuthNo=KEC0202607140008&infoTypeCd=VALIDATION&infoTypeGroup=tb_workinfoworknet","VALIDATION","tb_workinfoworknet","2026-07-15T00:00:00+09:00","2026-07-15T00:00:00+09:00"
"work24-K150012607140100","K150012607140100","[산업용 저울, 포장기 주문제작 업체] 계전팀 직원 채용","금용야마도제형(주)","인천광역시 남동구 남동대로49번길","주5일 주 40시간 근로 08:00 ~ 17:00","연봉 3,500 만원 이상","경력2년 학력무관","[산업용 저울, 포장기 주문제작 업체] 계전팀 직원 채용 / 경력2년 학력무관 / 연봉 3,500 만원 이상 / 인천광역시 남동구 남동대로49번길","active","2026-07-31","2026-07-14","work24","고용24","https://www.work24.go.kr/wk/a/b/1500/empDetailAuthView.do?wantedAuthNo=K150012607140100&infoTypeCd=VALIDATION&infoTypeGroup=tb_workinfoworknet","VALIDATION","tb_workinfoworknet","2026-07-15T00:00:00+09:00","2026-07-15T00:00:00+09:00"
"work24-KF10152607140006","KF10152607140006","재가요양보호사 모집(사동, 본오아파트)","봄날재가복지센터","경기도 안산시 상록구","주5일 주 15시간 근로 13:00 ~ 04:00","시급 10,320 원 이상","경력무관 학력무관","재가요양보호사 모집(사동, 본오아파트) / 경력무관 학력무관 / 시급 10,320 원 이상 / 경기도 안산시 상록구","active","2026-08-13","2026-07-14","work24","고용24","https://www.work24.go.kr/wk/a/b/1500/empDetailAuthView.do?wantedAuthNo=KF10152607140006&infoTypeCd=VALIDATION&infoTypeGroup=tb_workinfoworknet","VALIDATION","tb_workinfoworknet","2026-07-15T00:00:00+09:00","2026-07-15T00:00:00+09:00"
"work24-K172312607140010","K172312607140010","약국직원 구함","나은약국","충청남도 서산시 시장6로","주6일 주 48시간 근로 08:00 ~ 18:00","월급 260 만원 이상","경력1년 학력무관","약국직원 구함 / 경력1년 학력무관 / 월급 260 만원 이상 / 충청남도 서산시 시장6로","active","2026-09-13","2026-07-14","work24","고용24","https://www.work24.go.kr/wk/a/b/1500/empDetailAuthView.do?wantedAuthNo=K172312607140010&infoTypeCd=VALIDATION&infoTypeGroup=tb_workinfoworknet","VALIDATION","tb_workinfoworknet","2026-07-15T00:00:00+09:00","2026-07-15T00:00:00+09:00"
"work24-KF11062607140005","KF11062607140005","[신월동] 4등급 남자어르신/ 주6일 오후/ 요양보호사 구인","늘봄복지센터","서울특별시 양천구 곰달래로","주6일 주 18시간 근로 14:00 ~ 17:00","시급 10,320 원 ~ 10,320 원","경력무관 학력무관","[신월동] 4등급 남자어르신/ 주6일 오후/ 요양보호사 구인 / 경력무관 학력무관 / 시급 10,320 원 ~ 10,320 원 / 서울특별시 양천구 곰달래로","active","2026-07-28","2026-07-14","work24","고용24","https://www.work24.go.kr/wk/a/b/1500/empDetailAuthView.do?wantedAuthNo=KF11062607140005&infoTypeCd=VALIDATION&infoTypeGroup=tb_workinfoworknet","VALIDATION","tb_workinfoworknet","2026-07-15T00:00:00+09:00","2026-07-15T00:00:00+09:00"
"work24-KF11172607140005","KF11172607140005","부안 라온프라이빗 아파트 청소원 구인","유한회사 지에스코리아","전북특별자치도 부안군 부안읍","주6일 주 31시간 근로","월급 165 만원 ~ 165 만원","경력무관 학력무관","부안 라온프라이빗 아파트 청소원 구인 / 경력무관 학력무관 / 월급 165 만원 ~ 165 만원 / 전북특별자치도 부안군 부안읍","active","2026-09-01","2026-07-14","work24","고용24","https://www.work24.go.kr/wk/a/b/1500/empDetailAuthView.do?wantedAuthNo=KF11172607140005&infoTypeCd=VALIDATION&infoTypeGroup=tb_workinfoworknet","VALIDATION","tb_workinfoworknet","2026-07-15T00:00:00+09:00","2026-07-15T00:00:00+09:00"
"work24-KJKE002607140005","KJKE002607140005","광명성애병원 미화원 모집","(주)세이프티퍼펙션","경기도 광명시 디지털로","주6일 주 40시간 근로","월급 217 만원 ~ 217 만원","경력무관 학력무관","광명성애병원 미화원 모집 / 경력무관 학력무관 / 월급 217 만원 ~ 217 만원 / 경기도 광명시 디지털로","active","2026-09-13","2026-07-14","work24","고용24","https://www.work24.go.kr/wk/a/b/1500/empDetailAuthView.do?wantedAuthNo=KJKE002607140005&infoTypeCd=VALIDATION&infoTypeGroup=tb_workinfoworknet","VALIDATION","tb_workinfoworknet","2026-07-15T00:00:00+09:00","2026-07-15T00:00:00+09:00"
"work24-K180032607140099","K180032607140099","생산직(사출) 구함","주식회사 장원하이테크","경기도 화성시 만세구","주5일 주 40시간 근로","월급 300 만원 ~ 350 만원","경력무관 학력무관","생산직(사출) 구함 / 경력무관 학력무관 / 월급 300 만원 ~ 350 만원 / 경기도 화성시 만세구","active","2026-09-13","2026-07-14","work24","고용24","https://www.work24.go.kr/wk/a/b/1500/empDetailAuthView.do?wantedAuthNo=K180032607140099&infoTypeCd=VALIDATION&infoTypeGroup=tb_workinfoworknet","VALIDATION","tb_workinfoworknet","2026-07-15T00:00:00+09:00","2026-07-15T00:00:00+09:00"
"work24-K120232607140020","K120232607140020","[경기평택] NH농협은행 평택고덕금융센터 단시간 미화원 모집(일...","(주)농협파트너스","경기도 평택시 고덕국제대로","주5일 주 10시간 근로 08:00 ~ 10:00","월급 47 만원 ~ 47 만원","경력무관 학력무관","[경기평택] NH농협은행 평택고덕금융센터 단시간 미화원 모집(일... / 경력무관 학력무관 / 월급 47 만원 ~ 47 만원 / 경기도 평택시 고덕국제대로","active","2026-07-30","2026-07-14","work24","고용24","https://www.work24.go.kr/wk/a/b/1500/empDetailAuthView.do?wantedAuthNo=K120232607140020&infoTypeCd=VALIDATION&infoTypeGroup=tb_workinfoworknet","VALIDATION","tb_workinfoworknet","2026-07-15T00:00:00+09:00","2026-07-15T00:00:00+09:00"
"work24-KEC0742607140002","KEC0742607140002","[다산동] 재가요양보호사 구인","한사랑재가복지센터","경기도 남양주시 다산중앙로20번길","주5일 09:00 ~ 13:00","시급 13,000 원 ~ 13,000 원","경력무관 학력무관","[다산동] 재가요양보호사 구인 / 경력무관 학력무관 / 시급 13,000 원 ~ 13,000 원 / 경기도 남양주시 다산중앙로20번길","active","2026-09-13","2026-07-14","work24","고용24","https://www.work24.go.kr/wk/a/b/1500/empDetailAuthView.do?wantedAuthNo=KEC0742607140002&infoTypeCd=VALIDATION&infoTypeGroup=tb_workinfoworknet","VALIDATION","tb_workinfoworknet","2026-07-15T00:00:00+09:00","2026-07-15T00:00:00+09:00"
"work24-K161232607140034","K161232607140034","꿈마루 주간활동센터 사회복지사 채용","꿈마루 주간활동센터","전북특별자치도 익산시 고봉로34길","주5일 주 40시간 근로 09:00 ~ 18:00","월급 220 만원 이상","경력무관 학력무관","꿈마루 주간활동센터 사회복지사 채용 / 경력무관 학력무관 / 월급 220 만원 이상 / 전북특별자치도 익산시 고봉로34길","active","2026-09-13","2026-07-14","work24","고용24","https://www.work24.go.kr/wk/a/b/1500/empDetailAuthView.do?wantedAuthNo=K161232607140034&infoTypeCd=VALIDATION&infoTypeGroup=tb_workinfoworknet","VALIDATION","tb_workinfoworknet","2026-07-15T00:00:00+09:00","2026-07-15T00:00:00+09:00"
"work24-K161232607140033","K161232607140033","익산 영등제일4차아파트 경비원 채용","（유）국민종합주택관리","전북특별자치도 익산시 무왕로9길","주3일 주 40시간 근로","월급 258 만원 이상 상여별도 100%","경력무관 학력무관","익산 영등제일4차아파트 경비원 채용 / 경력무관 학력무관 / 월급 258 만원 이상 상여별도 100% / 전북특별자치도 익산시 무왕로9길","active","2026-07-28","2026-07-14","work24","고용24","https://www.work24.go.kr/wk/a/b/1500/empDetailAuthView.do?wantedAuthNo=K161232607140033&infoTypeCd=VALIDATION&infoTypeGroup=tb_workinfoworknet","VALIDATION","tb_workinfoworknet","2026-07-15T00:00:00+09:00","2026-07-15T00:00:00+09:00"
"work24-KJNB002607140002","KJNB002607140002","[공주한옥마을 룸메이드]","주식회사 브릿지호텔앤드리조트공주","충청남도 공주시 관광단지길","주5일 주 40시간 근로","월급 250 만원 ~ 250 만원","경력무관 학력무관","[공주한옥마을 룸메이드] / 경력무관 학력무관 / 월급 250 만원 ~ 250 만원 / 충청남도 공주시 관광단지길","active","2026-09-13","2026-07-14","work24","고용24","https://www.work24.go.kr/wk/a/b/1500/empDetailAuthView.do?wantedAuthNo=KJNB002607140002&infoTypeCd=VALIDATION&infoTypeGroup=tb_workinfoworknet","VALIDATION","tb_workinfoworknet","2026-07-15T00:00:00+09:00","2026-07-15T00:00:00+09:00"
"work24-K172222607140026","K172222607140026","(주)홍성브레이크 경비원 모집","주식회사홍덕","충청남도 홍성군 내포로","주3일 주 46시간 근로","월급 221 만원 이상","경력무관 학력무관","(주)홍성브레이크 경비원 모집 / 경력무관 학력무관 / 월급 221 만원 이상 / 충청남도 홍성군 내포로","active","2026-07-27","2026-07-14","work24","고용24","https://www.work24.go.kr/wk/a/b/1500/empDetailAuthView.do?wantedAuthNo=K172222607140026&infoTypeCd=VALIDATION&infoTypeGroup=tb_workinfoworknet","VALIDATION","tb_workinfoworknet","2026-07-15T00:00:00+09:00","2026-07-15T00:00:00+09:00"
"work24-KF10152607140005","KF10152607140005","부평동(나누리병원인근) 재가요양보호사 모집","큰샘노인복지센터","인천광역시 부평구 부흥북로96번길","주6일 주 18시간 근로 13:00 ~ 16:00","시급 10,320 원 ~ 10,320 원","경력무관 학력무관","부평동(나누리병원인근) 재가요양보호사 모집 / 경력무관 학력무관 / 시급 10,320 원 ~ 10,320 원 / 인천광역시 부평구 부흥북로96번길","active","2026-08-13","2026-07-14","work24","고용24","https://www.work24.go.kr/wk/a/b/1500/empDetailAuthView.do?wantedAuthNo=KF10152607140005&infoTypeCd=VALIDATION&infoTypeGroup=tb_workinfoworknet","VALIDATION","tb_workinfoworknet","2026-07-15T00:00:00+09:00","2026-07-15T00:00:00+09:00"
"work24-K162232607140023","K162232607140023","여수시 어린이·사회복지급식관리지원센터 육아휴직 대체직(팀장급) 채용...","한영대학교산학협력단","전남광주통합특별시 여수시 장군산길","주5일 주 40시간 근로 09:00 ~ 18:00","월급 286 만원 이상","경력1년 학력무관","여수시 어린이·사회복지급식관리지원센터 육아휴직 대체직(팀장급) 채용... / 경력1년 학력무관 / 월급 286 만원 이상 / 전남광주통합특별시 여수시 장군산길","active","2026-07-20","2026-07-14","work24","고용24","https://www.work24.go.kr/wk/a/b/1500/empDetailAuthView.do?wantedAuthNo=K162232607140023&infoTypeCd=VALIDATION&infoTypeGroup=tb_workinfoworknet","VALIDATION","tb_workinfoworknet","2026-07-15T00:00:00+09:00","2026-07-15T00:00:00+09:00"
"work24-K172222607140025","K172222607140025","경비원 모집[홍성현광아파트]","주식회사홍덕","충청남도 홍성군 도청대로96번길","주3일 주 38시간 근로","월급 251 만원 이상","경력무관 학력무관","경비원 모집[홍성현광아파트] / 경력무관 학력무관 / 월급 251 만원 이상 / 충청남도 홍성군 도청대로96번길","active","2026-07-27","2026-07-14","work24","고용24","https://www.work24.go.kr/wk/a/b/1500/empDetailAuthView.do?wantedAuthNo=K172222607140025&infoTypeCd=VALIDATION&infoTypeGroup=tb_workinfoworknet","VALIDATION","tb_workinfoworknet","2026-07-15T00:00:00+09:00","2026-07-15T00:00:00+09:00"
"work24-K131332607140035","K131332607140035","생산직 사원 모집","(주)에이치에스씨 제2공장","경상남도 양산시 상북면","주5일","시급 10,743 원 이상","경력무관 학력무관","생산직 사원 모집 / 경력무관 학력무관 / 시급 10,743 원 이상 / 경상남도 양산시 상북면","active","2026-07-31","2026-07-14","work24","고용24","https://www.work24.go.kr/wk/a/b/1500/empDetailAuthView.do?wantedAuthNo=K131332607140035&infoTypeCd=VALIDATION&infoTypeGroup=tb_workinfoworknet","VALIDATION","tb_workinfoworknet","2026-07-15T00:00:00+09:00","2026-07-15T00:00:00+09:00"
"work24-K161232607140032","K161232607140032","치킨소스, 파우더 생산직 모집","주식회사 다고내푸드","전북특별자치도 익산시 심암길","주5일 주 40시간 근로","월급 219 만원 ~ 219 만원","경력무관 학력무관","치킨소스, 파우더 생산직 모집 / 경력무관 학력무관 / 월급 219 만원 ~ 219 만원 / 전북특별자치도 익산시 심암길","active","2026-09-13","2026-07-14","work24","고용24","https://www.work24.go.kr/wk/a/b/1500/empDetailAuthView.do?wantedAuthNo=K161232607140032&infoTypeCd=VALIDATION&infoTypeGroup=tb_workinfoworknet","VALIDATION","tb_workinfoworknet","2026-07-15T00:00:00+09:00","2026-07-15T00:00:00+09:00"
"work24-K171112607140060","K171112607140060","압력용기 설계 및 도면 작업","(주)에이원텍","충청북도 청주시 서원구","주5일 주 40시간 근로 08:00 ~ 18:00","월급 400 만원 ~ 700 만원","경력3년 학력무관","압력용기 설계 및 도면 작업 / 경력3년 학력무관 / 월급 400 만원 ~ 700 만원 / 충청북도 청주시 서원구","active","2026-09-13","2026-07-14","work24","고용24","https://www.work24.go.kr/wk/a/b/1500/empDetailAuthView.do?wantedAuthNo=K171112607140060&infoTypeCd=VALIDATION&infoTypeGroup=tb_workinfoworknet","VALIDATION","tb_workinfoworknet","2026-07-15T00:00:00+09:00","2026-07-15T00:00:00+09:00"
"work24-KF10792607140015","KF10792607140015","[회원동] 재가요양보호사 모집","기쁨통합재가센터","경상남도 창원시 마산회원구","주6일 주 12시간 근로 14:30 ~ 16:30","시급 10,320 원 이상","경력무관 학력무관","[회원동] 재가요양보호사 모집 / 경력무관 학력무관 / 시급 10,320 원 이상 / 경상남도 창원시 마산회원구","active","2026-09-13","2026-07-14","work24","고용24","https://www.work24.go.kr/wk/a/b/1500/empDetailAuthView.do?wantedAuthNo=KF10792607140015&infoTypeCd=VALIDATION&infoTypeGroup=tb_workinfoworknet","VALIDATION","tb_workinfoworknet","2026-07-15T00:00:00+09:00","2026-07-15T00:00:00+09:00"
"work24-K130042607140074","K130042607140074","건설재해예방기술지도 기사 모집","(주)나라안전기술단","부산광역시 남구 동명로","주5일 주 20시간 근로","월급 250 만원 ~ 250 만원","경력1년 학력무관","건설재해예방기술지도 기사 모집 / 경력1년 학력무관 / 월급 250 만원 ~ 250 만원 / 부산광역시 남구 동명로","active","2026-09-13","2026-07-14","work24","고용24","https://www.work24.go.kr/wk/a/b/1500/empDetailAuthView.do?wantedAuthNo=K130042607140074&infoTypeCd=VALIDATION&infoTypeGroup=tb_workinfoworknet","VALIDATION","tb_workinfoworknet","2026-07-15T00:00:00+09:00","2026-07-15T00:00:00+09:00"
"work24-K180152607140033","K180152607140033","거래처 4대보험관리, 급여관리 담당 신입 추가 사무직원 모집","해솔노무금융컨설팅","경기도 양주시 회천중앙로","주5일 주 40시간 근로 09:00 ~ 18:00","월급 220 만원 이상","경력무관 학력무관","거래처 4대보험관리, 급여관리 담당 신입 추가 사무직원 모집 / 경력무관 학력무관 / 월급 220 만원 이상 / 경기도 양주시 회천중앙로","active","2026-09-13","2026-07-14","work24","고용24","https://www.work24.go.kr/wk/a/b/1500/empDetailAuthView.do?wantedAuthNo=K180152607140033&infoTypeCd=VALIDATION&infoTypeGroup=tb_workinfoworknet","VALIDATION","tb_workinfoworknet","2026-07-15T00:00:00+09:00","2026-07-15T00:00:00+09:00"
"work24-K140062607140023","K140062607140023","[정규직] 연구소 , 설계팀 신입 모집","주식회사 오성기공","대구광역시 달성군 구지면","주5일 주 40시간 근로 09:00 ~ 18:00","연봉 3,000 만원 이상","신입 학력무관","[정규직] 연구소 , 설계팀 신입 모집 / 신입 학력무관 / 연봉 3,000 만원 이상 / 대구광역시 달성군 구지면","active","2026-09-13","2026-07-14","work24","고용24","https://www.work24.go.kr/wk/a/b/1500/empDetailAuthView.do?wantedAuthNo=K140062607140023&infoTypeCd=VALIDATION&infoTypeGroup=tb_workinfoworknet","VALIDATION","tb_workinfoworknet","2026-07-15T00:00:00+09:00","2026-07-15T00:00:00+09:00"
"work24-K180022607140078","K180022607140078","신한은행 충북영업부 미화관리(청소)","주식회사 누리에스앤티","충청북도 청주시 상당구","주5일 주 17시간 근로 06:00 ~ 10:30","월급 94 만원 ~ 94 만원","경력3년 학력무관","신한은행 충북영업부 미화관리(청소) / 경력3년 학력무관 / 월급 94 만원 ~ 94 만원 / 충청북도 청주시 상당구","active","2026-09-12","2026-07-14","work24","고용24","https://www.work24.go.kr/wk/a/b/1500/empDetailAuthView.do?wantedAuthNo=K180022607140078&infoTypeCd=VALIDATION&infoTypeGroup=tb_workinfoworknet","VALIDATION","tb_workinfoworknet","2026-07-15T00:00:00+09:00","2026-07-15T00:00:00+09:00"
"work24-K150112607140033","K150112607140033","경동나비엔 계양대리점 보일러 설치 기사 모집합니다","경동나비엔계양대리점","인천광역시 계양구 계산천서로","주6일 주 40시간 근로","월급 300 만원 이상","경력1년 학력무관","경동나비엔 계양대리점 보일러 설치 기사 모집합니다 / 경력1년 학력무관 / 월급 300 만원 이상 / 인천광역시 계양구 계산천서로","active","2026-08-31","2026-07-14","work24","고용24","https://www.work24.go.kr/wk/a/b/1500/empDetailAuthView.do?wantedAuthNo=K150112607140033&infoTypeCd=VALIDATION&infoTypeGroup=tb_workinfoworknet","VALIDATION","tb_workinfoworknet","2026-07-15T00:00:00+09:00","2026-07-15T00:00:00+09:00"
"work24-K172312607140009","K172312607140009","(주)엔티오스 대산 영업 정규직 채용","주식회사 엔티오스대산","충청남도 서산시 대산읍","주5일 주 40시간 근로 09:00 ~ 18:00","연봉 3,000 만원 ~ 5,500 만원 상여별도 50%","경력무관 대졸(2~3년)","(주)엔티오스 대산 영업 정규직 채용 / 경력무관 대졸(2~3년) / 연봉 3,000 만원 ~ 5,500 만원 상여별도 50% / 충청남도 서산시 대산읍","active","2026-09-12","2026-07-14","work24","고용24","https://www.work24.go.kr/wk/a/b/1500/empDetailAuthView.do?wantedAuthNo=K172312607140009&infoTypeCd=VALIDATION&infoTypeGroup=tb_workinfoworknet","VALIDATION","tb_workinfoworknet","2026-07-15T00:00:00+09:00","2026-07-15T00:00:00+09:00"
"work24-KF11012607140002","KF11012607140002","요양보호사 구인","누가재가복지센터","서울특별시 서대문구 증가로29길","주5일 주 15시간 근로","시급 13,300 원 ~ 13,300 원","경력무관 학력무관","요양보호사 구인 / 경력무관 학력무관 / 시급 13,300 원 ~ 13,300 원 / 서울특별시 서대문구 증가로29길","active","2026-09-13","2026-07-14","work24","고용24","https://www.work24.go.kr/wk/a/b/1500/empDetailAuthView.do?wantedAuthNo=KF11012607140002&infoTypeCd=VALIDATION&infoTypeGroup=tb_workinfoworknet","VALIDATION","tb_workinfoworknet","2026-07-15T00:00:00+09:00","2026-07-15T00:00:00+09:00"
"work24-KF11722607140003","KF11722607140003","[채용대행/ 달서구 월배시장 인근] 재가요양보호사 채용","고은재가노인복지센터","대구광역시 달서구 월배로34길","주5일 09:00 ~ 12:00","시급 10,320 원 ~ 10,320 원","경력무관 학력무관","[채용대행/ 달서구 월배시장 인근] 재가요양보호사 채용 / 경력무관 학력무관 / 시급 10,320 원 ~ 10,320 원 / 대구광역시 달서구 월배로34길","active","2026-09-12","2026-07-14","work24","고용24","https://www.work24.go.kr/wk/a/b/1500/empDetailAuthView.do?wantedAuthNo=KF11722607140003&infoTypeCd=VALIDATION&infoTypeGroup=tb_workinfoworknet","VALIDATION","tb_workinfoworknet","2026-07-15T00:00:00+09:00","2026-07-15T00:00:00+09:00"
"work24-KJPK002607140003","KJPK002607140003","아이스크림 제조 단순생산직원 채용","주식회사 케이에스식품","전북특별자치도 임실군 오수면","주5일 08:30 ~ 17:30","시급 10,320 원 이상","경력무관 학력무관","아이스크림 제조 단순생산직원 채용 / 경력무관 학력무관 / 시급 10,320 원 이상 / 전북특별자치도 임실군 오수면","active","2026-09-13","2026-07-14","work24","고용24","https://www.work24.go.kr/wk/a/b/1500/empDetailAuthView.do?wantedAuthNo=KJPK002607140003&infoTypeCd=VALIDATION&infoTypeGroup=tb_workinfoworknet","VALIDATION","tb_workinfoworknet","2026-07-15T00:00:00+09:00","2026-07-15T00:00:00+09:00"
"work24-K172112607140062","K172112607140062","미화직원 모집","농업회사법인 더불어웰(주)","충청남도 천안시 서북구","주5일 주 20시간 근로 08:00 ~ 12:00","시급 10,320 원 이상","경력1년 학력무관","미화직원 모집 / 경력1년 학력무관 / 시급 10,320 원 이상 / 충청남도 천안시 서북구","active","2026-07-31","2026-07-14","work24","고용24","https://www.work24.go.kr/wk/a/b/1500/empDetailAuthView.do?wantedAuthNo=K172112607140062&infoTypeCd=VALIDATION&infoTypeGroup=tb_workinfoworknet","VALIDATION","tb_workinfoworknet","2026-07-15T00:00:00+09:00","2026-07-15T00:00:00+09:00"
"work24-K130232607140072","K130232607140072","[대연동/2등급/여성] 방문요양 요양보호사 모집","(사)효드림","부산광역시 남구 유엔평화로14번길","주6일 09:00 ~ 13:00","시급 10,320 원 ~ 10,320 원","신입 학력무관","[대연동/2등급/여성] 방문요양 요양보호사 모집 / 신입 학력무관 / 시급 10,320 원 ~ 10,320 원 / 부산광역시 남구 유엔평화로14번길","active","2026-09-13","2026-07-14","work24","고용24","https://www.work24.go.kr/wk/a/b/1500/empDetailAuthView.do?wantedAuthNo=K130232607140072&infoTypeCd=VALIDATION&infoTypeGroup=tb_workinfoworknet","VALIDATION","tb_workinfoworknet","2026-07-15T00:00:00+09:00","2026-07-15T00:00:00+09:00"
"work24-K161332607140006","K161332607140006","간호조무사 모집","부안한의원","전북특별자치도 부안군 부안읍","주6일 주 47시간 근로 08:00 ~ 17:30","월급 250 만원 이상","경력무관 학력무관","간호조무사 모집 / 경력무관 학력무관 / 월급 250 만원 이상 / 전북특별자치도 부안군 부안읍","active","2026-09-13","2026-07-14","work24","고용24","https://www.work24.go.kr/wk/a/b/1500/empDetailAuthView.do?wantedAuthNo=K161332607140006&infoTypeCd=VALIDATION&infoTypeGroup=tb_workinfoworknet","VALIDATION","tb_workinfoworknet","2026-07-15T00:00:00+09:00","2026-07-15T00:00:00+09:00"
"work24-K152312607140018","K152312607140018","광고물디자인및 출력업무, 일러스트가능한분 연락주세요","주식회사페이스","강원특별자치도 강릉시 주문진읍","주5일 주 40시간 근로 09:00 ~ 18:00","월급 250 만원 ~ 300 만원","경력 학력무관","광고물디자인및 출력업무, 일러스트가능한분 연락주세요 / 경력 학력무관 / 월급 250 만원 ~ 300 만원 / 강원특별자치도 강릉시 주문진읍","active","2026-09-13","2026-07-14","work24","고용24","https://www.work24.go.kr/wk/a/b/1500/empDetailAuthView.do?wantedAuthNo=K152312607140018&infoTypeCd=VALIDATION&infoTypeGroup=tb_workinfoworknet","VALIDATION","tb_workinfoworknet","2026-07-15T00:00:00+09:00","2026-07-15T00:00:00+09:00"
"work24-KF11192607140010","KF11192607140010","(반월동)요양보호사선생님 모십니다","효나눔노인복지센터","전북특별자치도 전주시 덕진구","주6일 주 18시간 근로 08:30 ~ 11:30","시급 10,320 원 이상","경력무관 학력무관","(반월동)요양보호사선생님 모십니다 / 경력무관 학력무관 / 시급 10,320 원 이상 / 전북특별자치도 전주시 덕진구","active","2026-09-13","2026-07-14","work24","고용24","https://www.work24.go.kr/wk/a/b/1500/empDetailAuthView.do?wantedAuthNo=KF11192607140010&infoTypeCd=VALIDATION&infoTypeGroup=tb_workinfoworknet","VALIDATION","tb_workinfoworknet","2026-07-15T00:00:00+09:00","2026-07-15T00:00:00+09:00"
"work24-KJSP002607140005","KJSP002607140005","재가요양보호사 모집(반림동)","오늘도봄재가방문요양센터","경상남도 창원시 성산구","주3일 13:00 ~ 16:00","시급 10,320 원 이상","경력무관 학력무관","재가요양보호사 모집(반림동) / 경력무관 학력무관 / 시급 10,320 원 이상 / 경상남도 창원시 성산구","active","2026-09-13","2026-07-14","work24","고용24","https://www.work24.go.kr/wk/a/b/1500/empDetailAuthView.do?wantedAuthNo=KJSP002607140005&infoTypeCd=VALIDATION&infoTypeGroup=tb_workinfoworknet","VALIDATION","tb_workinfoworknet","2026-07-15T00:00:00+09:00","2026-07-15T00:00:00+09:00"
"work24-KJBI002607140009","KJBI002607140009","[만덕동] 수술후 퇴원환자 돌봄 요양보호사 채용","구포시장재가복지센터","부산광역시 북구 은행나무로36번길","주5일 주 15시간 근로 09:00 ~ 12:00","시급 10,320 원 ~ 10,320 원","경력무관 학력무관","[만덕동] 수술후 퇴원환자 돌봄 요양보호사 채용 / 경력무관 학력무관 / 시급 10,320 원 ~ 10,320 원 / 부산광역시 북구 은행나무로36번길","active","2026-07-18","2026-07-14","work24","고용24","https://www.work24.go.kr/wk/a/b/1500/empDetailAuthView.do?wantedAuthNo=KJBI002607140009&infoTypeCd=VALIDATION&infoTypeGroup=tb_workinfoworknet","VALIDATION","tb_workinfoworknet","2026-07-15T00:00:00+09:00","2026-07-15T00:00:00+09:00"
"work24-K140112607140031","K140112607140031","(수성구 만촌동) 76세 4등급 남자 어르신 방문요양 선생님 모심","대구재가노인복지센터","대구광역시 수성구 만촌로12길","주6일 주 15시간 근로 09:00 ~ 12:00","시급 10,320 원 ~ 10,320 원","신입 학력무관","(수성구 만촌동) 76세 4등급 남자 어르신 방문요양 선생님 모심 / 신입 학력무관 / 시급 10,320 원 ~ 10,320 원 / 대구광역시 수성구 만촌로12길","active","2026-09-13","2026-07-14","work24","고용24","https://www.work24.go.kr/wk/a/b/1500/empDetailAuthView.do?wantedAuthNo=K140112607140031&infoTypeCd=VALIDATION&infoTypeGroup=tb_workinfoworknet","VALIDATION","tb_workinfoworknet","2026-07-15T00:00:00+09:00","2026-07-15T00:00:00+09:00"
"work24-KJKO002607140012","KJKO002607140012","요양보호사님 구합니다","시흥행복나눔재가센터","경기도 시흥시 신천천동로25번길","주5일 주 15시간 근로 10:00 ~ 13:00","시급 10,320 원 ~ 10,320 원","경력무관 학력무관","요양보호사님 구합니다 / 경력무관 학력무관 / 시급 10,320 원 ~ 10,320 원 / 경기도 시흥시 신천천동로25번길","active","2026-09-13","2026-07-14","work24","고용24","https://www.work24.go.kr/wk/a/b/1500/empDetailAuthView.do?wantedAuthNo=KJKO002607140012&infoTypeCd=VALIDATION&infoTypeGroup=tb_workinfoworknet","VALIDATION","tb_workinfoworknet","2026-07-15T00:00:00+09:00","2026-07-15T00:00:00+09:00"
"work24-K180322607140050","K180322607140050","건설현장 내 사무직원 모집","(주) 서호개발","경기도 의왕시 방죽말길","주5일 주 40시간 근로 08:00 ~ 17:00","연봉 2,700 만원 ~ 3,000 만원","경력무관 학력무관","건설현장 내 사무직원 모집 / 경력무관 학력무관 / 연봉 2,700 만원 ~ 3,000 만원 / 경기도 의왕시 방죽말길","active","2026-07-28","2026-07-14","work24","고용24","https://www.work24.go.kr/wk/a/b/1500/empDetailAuthView.do?wantedAuthNo=K180322607140050&infoTypeCd=VALIDATION&infoTypeGroup=tb_workinfoworknet","VALIDATION","tb_workinfoworknet","2026-07-15T00:00:00+09:00","2026-07-15T00:00:00+09:00"
"work24-KF11192607140009","KF11192607140009","경력직 회계사무원 채용","미립회계법인전주지점","전북특별자치도 전주시 완산구","주5일 주 40시간 근로 09:00 ~ 17:30","월급 240 만원 이상","경력3년 학력무관","경력직 회계사무원 채용 / 경력3년 학력무관 / 월급 240 만원 이상 / 전북특별자치도 전주시 완산구","active","2026-09-13","2026-07-14","work24","고용24","https://www.work24.go.kr/wk/a/b/1500/empDetailAuthView.do?wantedAuthNo=KF11192607140009&infoTypeCd=VALIDATION&infoTypeGroup=tb_workinfoworknet","VALIDATION","tb_workinfoworknet","2026-07-15T00:00:00+09:00","2026-07-15T00:00:00+09:00"
"work24-KF10772607140006","KF10772607140006","방문 요양보호사 구인","좋은노인재가복지센터","경상남도 통영시 광도면","주6일 주 18시간 근로 09:00 ~ 13:00","시급 10,360 원 ~ 10,360 원","경력무관 학력무관","방문 요양보호사 구인 / 경력무관 학력무관 / 시급 10,360 원 ~ 10,360 원 / 경상남도 통영시 광도면","active","2026-09-13","2026-07-14","work24","고용24","https://www.work24.go.kr/wk/a/b/1500/empDetailAuthView.do?wantedAuthNo=KF10772607140006&infoTypeCd=VALIDATION&infoTypeGroup=tb_workinfoworknet","VALIDATION","tb_workinfoworknet","2026-07-15T00:00:00+09:00","2026-07-15T00:00:00+09:00"
"work24-KF10822607140014","KF10822607140014","요양보호사 모집","오경실버랜드노인복지센터","경상북도 구미시 송선로","주5일","시급 10,320 원 이상","경력무관 학력무관","요양보호사 모집 / 경력무관 학력무관 / 시급 10,320 원 이상 / 경상북도 구미시 송선로","active","2026-07-28","2026-07-14","work24","고용24","https://www.work24.go.kr/wk/a/b/1500/empDetailAuthView.do?wantedAuthNo=KF10822607140014&infoTypeCd=VALIDATION&infoTypeGroup=tb_workinfoworknet","VALIDATION","tb_workinfoworknet","2026-07-15T00:00:00+09:00","2026-07-15T00:00:00+09:00"
"work24-K171112607140059","K171112607140059","[주식회사 라포코퍼레이션] MD 채용합니다","주식회사 라포코퍼레이션","충청북도 청주시 청원구","주5일 주 40시간 근로 09:00 ~ 18:00","연봉 2,700 만원 ~ 3,000 만원","경력무관 학력무관","[주식회사 라포코퍼레이션] MD 채용합니다 / 경력무관 학력무관 / 연봉 2,700 만원 ~ 3,000 만원 / 충청북도 청주시 청원구","active","2026-09-13","2026-07-14","work24","고용24","https://www.work24.go.kr/wk/a/b/1500/empDetailAuthView.do?wantedAuthNo=K171112607140059&infoTypeCd=VALIDATION&infoTypeGroup=tb_workinfoworknet","VALIDATION","tb_workinfoworknet","2026-07-15T00:00:00+09:00","2026-07-15T00:00:00+09:00"
"work24-K172112607140061","K172112607140061","제품 출하 A/S 관리 담당자 모집","(주)시그너스정공","충청남도 당진시 송악읍","주5일 08:30 ~ 17:30","시급 10,320 원 이상","경력무관 학력무관","제품 출하 A/S 관리 담당자 모집 / 경력무관 학력무관 / 시급 10,320 원 이상 / 충청남도 당진시 송악읍","active","2026-09-13","2026-07-14","work24","고용24","https://www.work24.go.kr/wk/a/b/1500/empDetailAuthView.do?wantedAuthNo=K172112607140061&infoTypeCd=VALIDATION&infoTypeGroup=tb_workinfoworknet","VALIDATION","tb_workinfoworknet","2026-07-15T00:00:00+09:00","2026-07-15T00:00:00+09:00"
"work24-KJ21062607140031","KJ21062607140031","재가요양보호사 채용합니다","꿈에그린방문요양센터","경기도 안양시 동안구","주5일 14:00 ~ 17:00","시급 10,320 원 ~ 10,320 원","경력 학력무관","재가요양보호사 채용합니다 / 경력 학력무관 / 시급 10,320 원 ~ 10,320 원 / 경기도 안양시 동안구","active","2026-09-13","2026-07-14","work24","고용24","https://www.work24.go.kr/wk/a/b/1500/empDetailAuthView.do?wantedAuthNo=KJ21062607140031&infoTypeCd=VALIDATION&infoTypeGroup=tb_workinfoworknet","VALIDATION","tb_workinfoworknet","2026-07-15T00:00:00+09:00","2026-07-15T00:00:00+09:00"
"work24-K150012607140099","K150012607140099","[채용대행]플라스틱 제품 사상/검사 모집","주식회사화인플라테크","인천광역시 남동구 남동대로79번길","주5일 08:30 ~ 17:30","시급 10,320 원 이상","경력무관 학력무관","[채용대행]플라스틱 제품 사상/검사 모집 / 경력무관 학력무관 / 시급 10,320 원 이상 / 인천광역시 남동구 남동대로79번길","active","2026-07-31","2026-07-14","work24","고용24","https://www.work24.go.kr/wk/a/b/1500/empDetailAuthView.do?wantedAuthNo=K150012607140099&infoTypeCd=VALIDATION&infoTypeGroup=tb_workinfoworknet","VALIDATION","tb_workinfoworknet","2026-07-15T00:00:00+09:00","2026-07-15T00:00:00+09:00"
"work24-KJ21022607140015","KJ21022607140015","[기흥구 영덕동] 굿모닝한방병원 미화원 채용","주식회사 피누스이앤씨","경기도 용인시 기흥구","주5일 주 40시간 근로","월급 233 만원 ~ 233 만원","경력무관 학력무관","[기흥구 영덕동] 굿모닝한방병원 미화원 채용 / 경력무관 학력무관 / 월급 233 만원 ~ 233 만원 / 경기도 용인시 기흥구","active","2026-08-13","2026-07-14","work24","고용24","https://www.work24.go.kr/wk/a/b/1500/empDetailAuthView.do?wantedAuthNo=KJ21022607140015&infoTypeCd=VALIDATION&infoTypeGroup=tb_workinfoworknet","VALIDATION","tb_workinfoworknet","2026-07-15T00:00:00+09:00","2026-07-15T00:00:00+09:00"
"work24-K180322607140049","K180322607140049","건설회사 본사 관리 경력자를 모집합니다.","(주) 서호개발","경기도 광주시 오포로","주5일 주 40시간 근로 08:30 ~ 17:30","월급 250 만원 ~ 400 만원","경력10년 학력무관","건설회사 본사 관리 경력자를 모집합니다. / 경력10년 학력무관 / 월급 250 만원 ~ 400 만원 / 경기도 광주시 오포로","active","2026-07-28","2026-07-14","work24","고용24","https://www.work24.go.kr/wk/a/b/1500/empDetailAuthView.do?wantedAuthNo=K180322607140049&infoTypeCd=VALIDATION&infoTypeGroup=tb_workinfoworknet","VALIDATION","tb_workinfoworknet","2026-07-15T00:00:00+09:00","2026-07-15T00:00:00+09:00"
"work24-K141322607140007","K141322607140007","(채용대행)[영주한우타운] 축산물 가공장 물류 1명 모집(축산물 물...","영주한우타운 주식회사 농업회사법인","경상북도 영주시 문수면","주5일 주 40시간 근로 08:30 ~ 18:00","월급 280 만원 이상 상여별도 100%","경력3년 학력무관","(채용대행)[영주한우타운] 축산물 가공장 물류 1명 모집(축산물 물... / 경력3년 학력무관 / 월급 280 만원 이상 상여별도 100% / 경상북도 영주시 문수면","active","2026-09-13","2026-07-14","work24","고용24","https://www.work24.go.kr/wk/a/b/1500/empDetailAuthView.do?wantedAuthNo=K141322607140007&infoTypeCd=VALIDATION&infoTypeGroup=tb_workinfoworknet","VALIDATION","tb_workinfoworknet","2026-07-15T00:00:00+09:00","2026-07-15T00:00:00+09:00"
"work24-K180412607140052","K180412607140052","주간보호센터 사무원 모집","백세시대주간보호센터","경기도 군포시 고산로","주5일 주 40시간 근로 08:00 ~ 17:30","월급 216 만원 ~ 216 만원","경력무관 학력무관","주간보호센터 사무원 모집 / 경력무관 학력무관 / 월급 216 만원 ~ 216 만원 / 경기도 군포시 고산로","active","2026-07-28","2026-07-14","work24","고용24","https://www.work24.go.kr/wk/a/b/1500/empDetailAuthView.do?wantedAuthNo=K180412607140052&infoTypeCd=VALIDATION&infoTypeGroup=tb_workinfoworknet","VALIDATION","tb_workinfoworknet","2026-07-15T00:00:00+09:00","2026-07-15T00:00:00+09:00"
"work24-KF10822607140013","KF10822607140013","sk실트론 1공장 직원식당 주간 정규 조리원 모집","주식회사 인텍","경상북도 구미시 수출대로","주6일","시급 10,320 원 이상","경력1년 학력무관","sk실트론 1공장 직원식당 주간 정규 조리원 모집 / 경력1년 학력무관 / 시급 10,320 원 이상 / 경상북도 구미시 수출대로","active","2026-07-28","2026-07-14","work24","고용24","https://www.work24.go.kr/wk/a/b/1500/empDetailAuthView.do?wantedAuthNo=KF10822607140013&infoTypeCd=VALIDATION&infoTypeGroup=tb_workinfoworknet","VALIDATION","tb_workinfoworknet","2026-07-15T00:00:00+09:00","2026-07-15T00:00:00+09:00"
